Model,MAE,RMSE,MAPE (%),R²
Baseline,1049.89426369863,1397.6929215407897,3.7175415280762154,0.904314121880083
